,Module Name
1,codetiming._timer
2,flake8.formatting.base
3,flake8.formatting.default
4,flake8.main.debug
5,flutils.decorators
6,flutils.namedtupleutils
7,flutils.packages
8,flutils.setuputils.cmd
9,httpie.cli.dicts
10,httpie.output.formatters.headers
11,httpie.output.processing
12,httpie.output.streams
13,httpie.plugins.base
14,httpie.sessions
15,httpie.ssl_
16,isort.exceptions
17,isort.utils
18,mimesis.builtins.da
19,mimesis.builtins.pt_br
20,py_backwards.conf
21,py_backwards.files
22,py_backwards.transformers.base
23,py_backwards.transformers.dict_unpacking
24,py_backwards.transformers.metaclass
25,py_backwards.transformers.python2_future
26,py_backwards.transformers.return_from_generator
27,py_backwards.transformers.starred_unpacking
28,py_backwards.transformers.string_types
29,py_backwards.transformers.variables_annotations
30,py_backwards.transformers.yield_from
31,py_backwards.utils.helpers
32,py_backwards.utils.snippet
33,pymonet.immutable_list
34,pymonet.lazy
35,pymonet.maybe
36,pymonet.monad_try
37,pymonet.semigroups
38,pymonet.task
39,pymonet.validation
40,pypara.accounting.journaling
41,pypara.commons.errors
42,pytutils.excs
43,pytutils.lazy.lazy_import
44,pytutils.props
45,pytutils.python
46,sanic.config
47,sanic.headers
48,sanic.helpers
49,sanic.mixins.listeners
50,sanic.mixins.middleware
51,sanic.mixins.routes
52,sanic.mixins.signals
53,sanic.models.protocol_types
54,sanic.views
55,string_utils.manipulation
56,thonny.plugins.pgzero_frontend
57,thonny.roughparse
58,typesystem.tokenize.positional_validation
